<?xml version="1.0" ?>
<LOG_ROOT>
	<PROJECT NAME="atm">
		<CBX_INST_ENTRY INSTANCE_NAME="|atm|decod_0:ee1|lpm_divide:Mod0" CBX_FILE_NAME="lpm_divide_d6m.tdf"/>
		<CBX_INST_ENTRY INSTANCE_NAME="|atm|decod_0:sec0|lpm_divide:Mod0" CBX_FILE_NAME="lpm_divide_d6m.tdf"/>
		<CBX_INST_ENTRY INSTANCE_NAME="|atm|decod_1:a51|lpm_divide:Div0" CBX_FILE_NAME="lpm_divide_aem.tdf"/>
		<CBX_INST_ENTRY INSTANCE_NAME="|atm|lpm_add_sub:Add36" CBX_FILE_NAME="add_sub_7ri.tdf"/>
		<CBX_INST_ENTRY INSTANCE_NAME="|atm|decod_1:a61|lpm_divide:Div0" CBX_FILE_NAME="lpm_divide_aem.tdf"/>
		<CBX_INST_ENTRY INSTANCE_NAME="|atm|lpm_add_sub:Add37" CBX_FILE_NAME="add_sub_7ri.tdf"/>
		<CBX_INST_ENTRY INSTANCE_NAME="|atm|decod_1:a71|lpm_divide:Div0" CBX_FILE_NAME="lpm_divide_aem.tdf"/>
		<CBX_INST_ENTRY INSTANCE_NAME="|atm|decod_1:y0|lpm_divide:Div0" CBX_FILE_NAME="lpm_divide_aem.tdf"/>
		<CBX_INST_ENTRY INSTANCE_NAME="|atm|lpm_add_sub:Add29" CBX_FILE_NAME="add_sub_7ri.tdf"/>
		<CBX_INST_ENTRY INSTANCE_NAME="|atm|decod_0:a50|lpm_divide:Mod0" CBX_FILE_NAME="lpm_divide_d6m.tdf"/>
		<CBX_INST_ENTRY INSTANCE_NAME="|atm|decod_0:day0|lpm_divide:Mod0" CBX_FILE_NAME="lpm_divide_d6m.tdf"/>
		<CBX_INST_ENTRY INSTANCE_NAME="|atm|decod_0:hour0|lpm_divide:Mod0" CBX_FILE_NAME="lpm_divide_d6m.tdf"/>
		<CBX_INST_ENTRY INSTANCE_NAME="|atm|decod_1:a81|lpm_divide:Div0" CBX_FILE_NAME="lpm_divide_aem.tdf"/>
		<CBX_INST_ENTRY INSTANCE_NAME="|atm|lpm_add_sub:Add31" CBX_FILE_NAME="add_sub_7ri.tdf"/>
		<CBX_INST_ENTRY INSTANCE_NAME="|atm|lpm_divide:Div7" CBX_FILE_NAME="lpm_divide_7so.tdf"/>
		<CBX_INST_ENTRY INSTANCE_NAME="|atm|decod_0:a60|lpm_divide:Mod0" CBX_FILE_NAME="lpm_divide_d6m.tdf"/>
		<CBX_INST_ENTRY INSTANCE_NAME="|atm|decod_1:a11|lpm_divide:Div0" CBX_FILE_NAME="lpm_divide_aem.tdf"/>
		<CBX_INST_ENTRY INSTANCE_NAME="|atm|lpm_add_sub:Add32" CBX_FILE_NAME="add_sub_7ri.tdf"/>
		<CBX_INST_ENTRY INSTANCE_NAME="|atm|lpm_divide:Div0" CBX_FILE_NAME="lpm_divide_7so.tdf"/>
		<CBX_INST_ENTRY INSTANCE_NAME="|atm|decod_0:a70|lpm_divide:Mod0" CBX_FILE_NAME="lpm_divide_d6m.tdf"/>
		<CBX_INST_ENTRY INSTANCE_NAME="|atm|decod_1:a21|lpm_divide:Div0" CBX_FILE_NAME="lpm_divide_aem.tdf"/>
		<CBX_INST_ENTRY INSTANCE_NAME="|atm|decod_1:sec1|lpm_divide:Div0" CBX_FILE_NAME="lpm_divide_aem.tdf"/>
		<CBX_INST_ENTRY INSTANCE_NAME="|atm|lpm_add_sub:Add33" CBX_FILE_NAME="add_sub_7ri.tdf"/>
		<CBX_INST_ENTRY INSTANCE_NAME="|atm|lpm_divide:Div1" CBX_FILE_NAME="lpm_divide_7so.tdf"/>
		<CBX_INST_ENTRY INSTANCE_NAME="|atm|decod_0:a80|lpm_divide:Mod0" CBX_FILE_NAME="lpm_divide_d6m.tdf"/>
		<CBX_INST_ENTRY INSTANCE_NAME="|atm|decod_0:x1|lpm_divide:Mod0" CBX_FILE_NAME="lpm_divide_d6m.tdf"/>
		<CBX_INST_ENTRY INSTANCE_NAME="|atm|decod_1:a31|lpm_divide:Div0" CBX_FILE_NAME="lpm_divide_aem.tdf"/>
		<CBX_INST_ENTRY INSTANCE_NAME="|atm|decod_1:ff1|lpm_divide:Div0" CBX_FILE_NAME="lpm_divide_aem.tdf"/>
		<CBX_INST_ENTRY INSTANCE_NAME="|atm|decod_1:min1|lpm_divide:Div0" CBX_FILE_NAME="lpm_divide_aem.tdf"/>
		<CBX_INST_ENTRY INSTANCE_NAME="|atm|lpm_divide:Div2" CBX_FILE_NAME="lpm_divide_7so.tdf"/>
		<CBX_INST_ENTRY INSTANCE_NAME="|atm|decod_0:a10|lpm_divide:Mod0" CBX_FILE_NAME="lpm_divide_d6m.tdf"/>
		<CBX_INST_ENTRY INSTANCE_NAME="|atm|decod_1:a41|lpm_divide:Div0" CBX_FILE_NAME="lpm_divide_aem.tdf"/>
		<CBX_INST_ENTRY INSTANCE_NAME="|atm|lpm_add_sub:Add35" CBX_FILE_NAME="add_sub_7ri.tdf"/>
		<CBX_INST_ENTRY INSTANCE_NAME="|atm|lpm_divide:Div3" CBX_FILE_NAME="lpm_divide_7so.tdf"/>
		<CBX_INST_ENTRY INSTANCE_NAME="|atm|decod_0:a20|lpm_divide:Mod0" CBX_FILE_NAME="lpm_divide_d6m.tdf"/>
		<CBX_INST_ENTRY INSTANCE_NAME="|atm|decod_1:day1|lpm_divide:Div0" CBX_FILE_NAME="lpm_divide_aem.tdf"/>
		<CBX_INST_ENTRY INSTANCE_NAME="|atm|decod_1:hour1|lpm_divide:Div0" CBX_FILE_NAME="lpm_divide_aem.tdf"/>
		<CBX_INST_ENTRY INSTANCE_NAME="|atm|lpm_divide:Div4" CBX_FILE_NAME="lpm_divide_7so.tdf"/>
		<CBX_INST_ENTRY INSTANCE_NAME="|atm|decod_0:a30|lpm_divide:Mod0" CBX_FILE_NAME="lpm_divide_d6m.tdf"/>
		<CBX_INST_ENTRY INSTANCE_NAME="|atm|decod_0:min0|lpm_divide:Mod0" CBX_FILE_NAME="lpm_divide_d6m.tdf"/>
		<CBX_INST_ENTRY INSTANCE_NAME="|atm|lpm_divide:Div5" CBX_FILE_NAME="lpm_divide_7so.tdf"/>
		<CBX_INST_ENTRY INSTANCE_NAME="|atm|decod_0:a40|lpm_divide:Mod0" CBX_FILE_NAME="lpm_divide_d6m.tdf"/>
		<CBX_INST_ENTRY INSTANCE_NAME="|atm|lpm_add_sub:Add30" CBX_FILE_NAME="add_sub_7ri.tdf"/>
		<CBX_INST_ENTRY INSTANCE_NAME="|atm|lpm_divide:Div6" CBX_FILE_NAME="lpm_divide_7so.tdf"/>
	</PROJECT>
</LOG_ROOT>
